AK1, AL3
AK14, AL18
AK23, AL18
AN1, AL3
AN14, AL18
AN23, AL18
AN7, AL3
AU105, AY100
AU114, AY110
AU122, AY118
AU131, AY135
AU140, AY145
AU149, AY153
AU158, AY153
AU16, AY12
AU167, AY163
AU176, AY171
AU184, AY181
AU192, AY196
AU2, AY1
AU200, AY204
AU209, AY214
AU218, AY214
AU227, AY222
AU236, AY231
AU244, AY248
AU25, AY29
AU253, AY257
AU262, AY266
AU271, AY266
AU280, AY275
AU289, AY284
AU297, AY302
AU306, AY310
AU314, AY319
AU324, AY319
AU332, AY328
AU34, AY39
AU342, AY337
AU350, AY355
AU360, AY364
AU367, AY371
AU374, AY371
AU381, AY378
AU389, AY384
AU396, AY399
AU404, AY408
AU411, AY415
AU418, AY421
AU425, AY421
AU43, AY47
AU433, AY428
AU440, AY436
AU448, AY452
AU455, AY459
AU52, AY47
AU60, AY57
AU69, AY64
AU78, AY82
AU87, AY92
AU9, AY6
AU96, AY100
BC105, BE100
BC114, BE110
BC122, BE118
BC131, BE135
BC140, BE145
BC149, BE153
BC158, BE153
BC16, BE12
BC167, BE163
BC176, BE171
BC184, BE181
BC192, BE196
BC2, BE1
BC200, BE204
BC209, BE214
BC218, BE214
BC227, BE222
BC236, BE231
BC244, BE248
BC25, BE29
BC253, BE257
BC262, BE266
BC271, BE266
BC280, BE275
BC289, BE284
BC297, BE302
BC306, BE310
BC314, BE319
BC324, BE319
BC332, BE328
BC34, BE39
BC342, BE337
BC350, BE355
BC360, BE364
BC367, BE371
BC374, BE371
BC381, BE378
BC389, BE384
BC396, BE399
BC404, BE408
BC411, BE415
BC418, BE421
BC425, BE421
BC43, BE47
BC433, BE428
BC440, BE436
BC448, BE452
BC455, BE459
BC52, BE47
BC60, BE57
BC69, BE64
BC78, BE82
BC87, BE92
BC9, BE6
BC96, BE100
BH105, BL100
BH114, BL110
BH122, BL118
BH131, BL135
BH140, BL145
BH149, BL153
BH158, BL153
BH16, BL12
BH167, BL163
BH176, BL171
BH184, BL181
BH192, BL196
BH2, BL1
BH200, BL204
BH209, BL214
BH218, BL214
BH227, BL222
BH236, BL231
BH244, BL248
BH25, BL29
BH253, BL257
BH262, BL266
BH271, BL266
BH280, BL275
BH289, BL284
BH297, BL302
BH306, BL310
BH314, BL319
BH324, BL319
BH332, BL328
BH34, BL39
BH342, BL337
BH350, BL355
BH360, BL364
BH367, BL371
BH374, BL371
BH381, BL378
BH389, BL384
BH396, BL399
BH404, BL408
BH411, BL415
BH418, BL421
BH425, BL421
BH43, BL47
BH433, BL428
BH440, BL436
BH448, BL452
BH455, BL459
BH52, BL47
BH60, BL57
BH69, BL64
BH78, BL82
BH87, BL92
BH9, BL6
BH96, BL100
BP105, BL100
BP114, BL110
BP122, BL118
BP131, BL135
BP140, BL145
BP149, BL153
BP158, BL153
BP16, BL12
BP167, BL163
BP176, BL171
BP184, BL181
BP192, BL196
BP2, BL1
BP200, BL204
BP209, BL214
BP218, BL214
BP227, BL222
BP236, BL231
BP244, BL248
BP25, BL29
BP253, BL257
BP262, BL266
BP271, BL266
BP280, BL275
BP289, BL284
BP297, BL302
BP306, BL310
BP314, BL319
BP324, BL319
BP332, BL328
BP34, BL39
BP342, BL337
BP350, BL355
BP360, BL364
BP367, BL371
BP374, BL371
BP381, BL378
BP389, BL384
BP396, BL399
BP404, BL408
BP411, BL415
BP418, BL421
BP425, BL421
BP43, BL47
BP433, BL428
BP440, BL436
BP448, BL452
BP455, BL459
BP52, BL47
BP60, BL57
BP69, BL64
BP78, BL82
BP87, BL92
BP9, BL6
BP96, BL100
BW105, BT100
BW114, BT110
BW122, BT118
BW131, BT135
BW140, BT145
BW149, BT153
BW158, BT153
BW16, BT12
BW167, BT163
BW176, BT171
BW184, BT181
BW192, BT196
BW2, BT1
BW200, BT204
BW209, BT214
BW218, BT214
BW227, BT222
BW236, BT231
BW244, BT248
BW25, BT29
BW253, BT257
BW262, BT266
BW271, BT266
BW280, BT275
BW289, BT284
BW297, BT302
BW306, BT310
BW314, BT319
BW324, BT319
BW332, BT328
BW34, BT39
BW342, BT337
BW350, BT355
BW360, BT364
BW367, BT371
BW374, BT371
BW381, BT378
BW389, BT384
BW396, BT399
BW404, BT408
BW411, BT415
BW418, BT421
BW425, BT421
BW43, BT47
BW433, BT428
BW440, BT436
BW448, BT452
BW455, BT459
BW52, BT47
BW60, BT57
BW69, BT64
BW78, BT82
BW87, BT92
BW9, BT6
BW96, BT100
CD105, CB100
CD114, CB110
CD122, CB118
CD131, CB135
CD140, CB145
CD149, CB153
CD158, CB153
CD16, CB12
CD167, CB163
CD176, CB171
CD184, CB181
CD192, CB196
CD2, CB1
CD200, CB204
CD209, CB214
CD218, CB214
CD227, CB222
CD236, CB231
CD244, CB248
CD25, CB29
CD253, CB257
CD262, CB266
CD271, CB266
CD280, CB275
CD289, CB284
CD297, CB302
CD306, CB310
CD314, CB319
CD324, CB319
CD332, CB328
CD34, CB39
CD342, CB337
CD350, CB355
CD360, CB364
CD367, CB371
CD374, CB371
CD381, CB378
CD389, CB384
CD396, CB399
CD404, CB408
CD411, CB415
CD418, CB421
CD425, CB421
CD43, CB47
CD433, CB428
CD440, CB436
CD448, CB452
CD455, CB459
CD52, CB47
CD60, CB57
CD69, CB64
CD78, CB82
CD87, CB92
CD9, CB6
CD96, CB100
CK105, CN100
CK114, CN110
CK122, CN118
CK131, CN135
CK140, CN145
CK149, CN153
CK158, CN153
CK16, CN12
CK167, CN163
CK176, CN171
CK184, CN181
CK192, CN196
CK2, CN1
CK200, CN204
CK209, CN214
CK218, CN214
CK227, CN222
CK236, CN231
CK244, CN248
CK25, CN29
CK253, CN257
CK262, CN266
CK271, CN266
CK280, CN275
CK289, CN284
CK297, CN302
CK306, CN310
CK314, CN319
CK324, CN319
CK332, CN328
CK34, CN39
CK342, CN337
CK350, CN355
CK360, CN364
CK367, CN371
CK374, CN371
CK381, CN378
CK389, CN384
CK396, CN399
CK404, CN408
CK411, CN415
CK418, CN421
CK425, CN421
CK43, CN47
CK433, CN428
CK440, CN436
CK448, CN452
CK455, CN459
CK52, CN47
CK60, CN57
CK69, CN64
CK78, CN82
CK87, CN92
CK9, CN6
CK96, CN100
CT105, CW100
CT114, CW110
CT122, CW118
CT131, CW135
CT140, CW145
CT149, CW153
CT158, CW153
CT16, CW12
CT167, CW163
CT176, CW171
CT184, CW181
CT192, CW196
CT2, CW1
CT200, CW204
CT209, CW214
CT218, CW214
CT227, CW222
CT236, CW231
CT244, CW248
CT25, CW29
CT253, CW257
CT262, CW266
CT271, CW266
CT280, CW275
CT289, CW284
CT297, CW302
CT306, CW310
CT314, CW319
CT324, CW319
CT332, CW328
CT34, CW39
CT342, CW337
CT350, CW355
CT360, CW364
CT367, CW371
CT374, CW371
CT381, CW378
CT389, CW384
CT396, CW399
CT404, CW408
CT411, CW415
CT418, CW421
CT425, CW421
CT43, CW47
CT433, CW428
CT440, CW436
CT448, CW452
CT455, CW459
CT52, CW47
CT60, CW57
CT69, CW64
CT78, CW82
CT87, CW92
CT9, CW6
CT96, CW100
DB105, DE100
DB114, DE110
DB122, DE118
DB131, DE135
DB140, DE145
DB149, DE153
DB158, DE153
DB16, DE12
DB167, DE163
DB176, DE171
DB184, DE181
DB192, DE196
DB2, DE1
DB200, DE204
DB209, DE214
DB218, DE214
DB227, DE222
DB236, DE231
DB244, DE248
DB25, DE29
DB253, DE257
DB262, DE266
DB271, DE266
DB280, DE275
DB289, DE284
DB297, DE302
DB306, DE310
DB314, DE319
DB324, DE319
DB332, DE328
DB34, DE39
DB342, DE337
DB350, DE355
DB360, DE364
DB367, DE371
DB374, DE371
DB381, DE378
DB389, DE384
DB396, DE399
DB404, DE408
DB411, DE415
DB418, DE421
DB425, DE421
DB43, DE47
DB433, DE428
DB440, DE436
DB448, DE452
DB455, DE459
DB52, DE47
DB60, DE57
DB69, DE64
DB78, DE82
DB87, DE92
DB9, DE6
DB96, DE100
DG105, DE100
DG114, DE110
DG122, DE118
DG131, DE135
DG140, DE145
DG149, DE153
DG158, DE153
DG16, DE12
DG167, DE163
DG176, DE171
DG184, DE181
DG192, DE196
DG2, DE1
DG200, DE204
DG209, DE214
DG218, DE214
DG227, DE222
DG236, DE231
DG244, DE248
DG25, DE29
DG253, DE257
DG262, DE266
DG271, DE266
DG280, DE275
DG289, DE284
DG297, DE302
DG306, DE310
DG314, DE319
DG324, DE319
DG332, DE328
DG34, DE39
DG342, DE337
DG350, DE355
DG360, DE364
DG367, DE371
DG374, DE371
DG381, DE378
DG389, DE384
DG396, DE399
DG404, DE408
DG411, DE415
DG418, DE421
DG425, DE421
DG43, DE47
DG433, DE428
DG440, DE436
DG448, DE452
DG455, DE459
DG52, DE47
DG60, DE57
DG69, DE64
DG78, DE82
DG87, DE92
DG9, DE6
DG96, DE100
DN105, DK100
DN114, DK110
DN122, DK118
DN131, DK135
DN140, DK145
DN149, DK153
DN158, DK153
DN16, DK12
DN167, DK163
DN176, DK171
DN184, DK181
DN192, DK196
DN2, DK1
DN200, DK204
DN209, DK214
DN218, DK214
DN227, DK222
DN236, DK231
DN244, DK248
DN25, DK29
DN253, DK257
DN262, DK266
DN271, DK266
DN280, DK275
DN289, DK284
DN297, DK302
DN306, DK310
DN314, DK319
DN324, DK319
DN332, DK328
DN34, DK39
DN342, DK337
DN350, DK355
DN360, DK364
DN367, DK371
DN374, DK371
DN381, DK378
DN389, DK384
DN396, DK399
DN404, DK408
DN411, DK415
DN418, DK421
DN425, DK421
DN43, DK47
DN433, DK428
DN440, DK436
DN448, DK452
DN455, DK459
DN52, DK47
DN60, DK57
DN69, DK64
DN78, DK82
DN87, DK92
DN9, DK6
DN96, DK100
DV105, DR100
DV114, DR110
DV122, DR118
DV131, DR135
DV140, DR135
DV149, DR153
DV158, DR153
DV16, DR12
DV167, DR163
DV176, DR171
DV184, DR181
DV192, DR196
DV2, DR1
DV200, DR204
DV209, DR214
DV218, DR214
DV227, DR222
DV236, DR231
DV244, DR248
DV25, DR29
DV253, DR257
DV262, DR266
DV271, DR266
DV280, DR275
DV289, DR284
DV297, DR302
DV306, DR310
DV314, DR319
DV324, DR319
DV332, DR328
DV34, DR39
DV342, DR337
DV350, EA355
DV360, DR364
DV367, DR371
DV374, DR371
DV381, DR378
DV389, DR384
DV396, DR399
DV404, DR408
DV411, DR415
DV418, DR421
DV425, DR421
DV43, DR47
DV433, DR428
DV440, DR436
DV448, DR452
DV455, DR459
DV52, DR47
DV60, DR57
DV69, DR64
DV78, DR82
DV87, DR92
DV9, DR6
DV96, DR100
ED105, EF100
ED114, EF110
ED122, EF118
ED131, EF135
ED140, EF145
ED149, EF153
ED158, EF153
ED16, EF12
ED167, EF163
ED176, EF171
ED184, EF181
ED192, EF196
ED2, EF1
ED200, EF204
ED209, EF214
ED218, EF214
ED227, EF222
ED236, EF231
ED244, EF248
ED25, EF29
ED253, EF257
ED262, EF266
ED271, EF266
ED280, EF275
ED289, EF284
ED297, EF302
ED306, EF310
ED314, EF319
ED324, EF319
ED332, EF328
ED34, EF39
ED342, EF337
ED350, EF355
ED360, EF364
ED367, EF371
ED374, EF371
ED381, EF378
ED389, EF384
ED396, EF399
ED404, EF408
ED411, EF415
ED418, EF421
ED425, EF421
ED43, EF47
ED433, EF428
ED440, EF436
ED448, EF452
ED455, EF459
ED52, EF47
ED60, EF57
ED69, EF64
ED78, EF82
ED87, EF92
ED9, EF6
ED96, EF100
EJ105, EM100
EJ114, EM110
EJ122, EM118
EJ131, EM135
EJ140, EM145
EJ149, EM153
EJ158, EM153
EJ16, EM12
EJ167, EM163
EJ176, EM171
EJ184, EM181
EJ192, EM196
EJ2, EM1
EJ200, EM204
EJ209, EM214
EJ218, EM214
EJ227, EM222
EJ236, EM231
EJ244, EM248
EJ25, EM29
EJ253, EM257
EJ262, EM266
EJ271, EM266
EJ280, EM275
EJ289, EM284
EJ297, EM302
EJ306, EM310
EJ314, EM319
EJ324, EM319
EJ332, EM328
EJ34, EM39
EJ342, EM337
EJ350, EM355
EJ360, EM364
EJ367, EM371
EJ374, EM371
EJ381, EM378
EJ389, EM384
EJ396, EM399
EJ404, EM408
EJ411, EM415
EJ418, EM421
EJ425, EM421
EJ43, EM47
EJ433, EM428
EJ440, EM436
EJ448, EM452
EJ455, EM459
EJ52, EM47
EJ60, EM57
EJ69, EM64
EJ78, EM82
EJ87, EM92
EJ9, EM6
EJ96, EM100
ER105, EV100
ER114, EV110
ER122, EV118
ER131, EV135
ER140, EV145
ER149, EV153
ER158, EV153
ER16, EV12
ER167, EV163
ER176, EV171
ER184, EV181
ER192, EV196
ER2, EV1
ER200, EV204
ER209, EV214
ER218, EV214
ER227, EV222
ER236, EV231
ER244, EV248
ER25, EV29
ER253, EV257
ER262, EV266
ER271, EV266
ER280, EV275
ER289, EV284
ER297, EV302
ER306, EV310
ER314, EV319
ER324, EV319
ER332, EV328
ER34, EV39
ER342, EV337
ER350, EV355
ER360, EV364
ER367, EV371
ER374, EV371
ER381, EV378
ER389, EV384
ER396, EV399
ER404, EV408
ER411, EV415
ER418, EV421
ER425, EV421
ER43, EV47
ER433, EV428
ER440, EV436
ER448, EV452
ER455, EV459
ER52, EV47
ER60, EV57
ER69, EV64
ER78, EV82
ER87, EV92
ER9, EV6
ER96, EV100
FA105, EV100
FA114, EV110
FA122, EV118
FA131, EV135
FA140, EV145
FA149, EV153
FA158, EV153
FA16, EV12
FA167, EV163
FA176, EV171
FA184, EV181
FA192, EV196
FA2, EV1
FA200, EV204
FA209, EV214
FA218, EV214
FA227, EV222
FA236, EV231
FA244, EV248
FA25, EV29
FA253, EV257
FA262, EV266
FA271, EV266
FA280, EV275
FA289, EV284
FA297, EV302
FA306, EV310
FA314, EV319
FA324, EV319
FA332, EV328
FA34, EV39
FA342, EV337
FA350, EV355
FA360, EV364
FA367, EV371
FA374, EV371
FA381, EV378
FA389, EV384
FA396, EV399
FA404, EV408
FA411, EV415
FA418, EV421
FA425, EV421
FA43, EV47
FA433, EV428
FA440, EV436
FA448, EV452
FA455, EV459
FA52, EV47
FA60, EV57
FA69, EV64
FA78, EV82
FA87, EV92
FA9, EV6
FA96, EV100
FG105, FD100
FG114, FD110
FG122, FD118
FG131, FD135
FG140, FD145
FG149, FD153
FG158, FD153
FG16, FD12
FG167, FD163
FG176, FD171
FG184, FD181
FG192, FD196
FG2, FD1
FG200, FD204
FG209, FD214
FG218, FD214
FG227, FD222
FG236, FD231
FG244, FD248
FG25, FD29
FG253, FD257
FG262, FD266
FG271, FD266
FG280, FD275
FG289, FD284
FG297, FD302
FG306, FD310
FG314, FD319
FG324, FD319
FG332, FD328
FG34, FD39
FG342, FD337
FG350, FD355
FG360, FD364
FG367, FD371
FG374, FD371
FG381, FD378
FG389, FD384
FG396, FD399
FG404, FD408
FG411, FD415
FG418, FD421
FG425, FD421
FG43, FD47
FG433, FD428
FG440, FD436
FG448, FD452
FG455, FD459
FG52, FD47
FG60, FD57
FG69, FD64
FG78, FD82
FG87, FD92
FG9, FD6
FG96, FD100
FM105, FJ100
FM114, FJ110
FM122, FJ118
FM131, FJ135
FM140, FJ145
FM149, FJ153
FM158, FJ153
FM16, FJ12
FM167, FJ163
FM176, FJ171
FM184, FJ181
FM192, FJ196
FM2, FJ1
FM200, FJ204
FM209, FJ214
FM218, FJ214
FM227, FJ222
FM236, FJ231
FM244, FJ248
FM25, FJ29
FM253, FJ257
FM262, FJ266
FM271, FJ266
FM280, FJ275
FM289, FJ284
FM297, FJ302
FM306, FJ310
FM314, FJ319
FM324, FJ319
FM332, FJ328
FM34, FJ39
FM342, FJ337
FM350, FJ355
FM360, FJ364
FM367, FJ371
FM374, FJ371
FM381, FJ378
FM389, FJ384
FM396, FJ399
FM404, FJ408
FM411, FJ415
FM418, FJ421
FM425, FJ421
FM43, FJ47
FM433, FJ428
FM440, FJ436
FM448, FJ452
FM455, FJ459
FM52, FJ47
FM60, FJ57
FM69, FJ64
FM78, FJ82
FM87, FJ92
FM9, FJ6
FM96, FJ100
FU105, FY100
FU114, FY110
FU122, FY118
FU131, FY135
FU140, FY145
FU149, FY153
FU158, FY153
FU16, FY12
FU167, FY163
FU176, FY171
FU184, FY181
FU192, FY196
FU2, FY1
FU200, FY204
FU209, FY214
FU218, FY214
FU227, FY222
FU236, FY231
FU244, FY248
FU25, FY29
FU253, FY257
FU262, FY266
FU271, FY266
FU280, FY275
FU289, FY284
FU297, FY302
FU306, FY310
FU314, FY319
FU324, FY319
FU332, FY328
FU34, FY39
FU342, FY337
FU350, FY355
FU360, FY364
FU367, FY371
FU374, FY371
FU381, FY378
FU389, FY384
FU396, FY399
FU404, FY408
FU411, FY415
FU418, FY421
FU425, FY421
FU43, FY47
FU433, FY428
FU440, FY436
FU448, FY452
FU455, FY459
FU52, FY47
FU60, FY57
FU69, FY64
FU78, FY82
FU87, FY92
FU9, FY6
FU96, FY100
GC105, GF100
GC114, GF110
GC122, GF118
GC131, GF135
GC140, GF145
GC149, GF153
GC158, GF153
GC16, GF12
GC167, GF163
GC176, GF171
GC184, GF181
GC192, GF196
GC2, GF1
GC200, GF204
GC209, GF214
GC218, GF214
GC227, GF222
GC236, GF231
GC244, GF248
GC25, GF29
GC253, GF257
GC262, GF266
GC271, GF266
GC280, GF275
GC289, GF284
GC297, GF302
GC306, GF310
GC314, GF319
GC324, GF319
GC332, GF328
GC34, GF39
GC342, GF337
GC350, GF355
GC360, GF364
GC367, GF371
GC374, GF371
GC381, GF378
GC389, GF384
GC396, GF399
GC404, GF408
GC411, GF415
GC418, GF421
GC425, GF421
GC43, GF47
GC433, GF428
GC440, GF436
GC448, GF452
GC455, GF459
GC52, GF47
GC60, GF57
GC69, GF64
GC78, GF82
GC87, GF92
GC9, GF6
GC96, GF100
GJ105, GL100
GJ114, GL110
GJ122, GL118
GJ131, GL135
GJ140, GL145
GJ149, GL153
GJ158, GL153
GJ16, GL12
GJ167, GL163
GJ176, GL171
GJ184, GL181
GJ192, GL196
GJ2, GL1
GJ200, GL204
GJ209, GL214
GJ218, GL214
GJ227, GL222
GJ236, GL231
GJ244, GL248
GJ25, GL29
GJ253, GL257
GJ262, GL266
GJ271, GL266
GJ280, GL275
GJ289, GL284
GJ297, GL302
GJ306, GL310
GJ314, GL319
GJ324, GL319
GJ332, GL328
GJ34, GL39
GJ342, GL337
GJ350, GL355
GJ360, GL364
GJ367, GL371
GJ374, GL371
GJ381, GL378
GJ389, GL384
GJ396, GL399
GJ404, GL408
GJ411, GL415
GJ418, GL421
GJ425, GL421
GJ43, GL47
GJ433, GL428
GJ440, GL436
GJ448, GL452
GJ455, GL459
GJ52, GL47
GJ60, GL57
GJ69, GL64
GJ78, GL82
GJ87, GL92
GJ9, GL6
GJ96, GL100
GP105, GU100
GP114, GU110
GP122, GU118
GP131, GU135
GP140, GU145
GP149, GU153
GP158, GU153
GP16, GU12
GP167, GU163
GP176, GU171
GP184, GU181
GP192, GU196
GP2, GU1
GP200, GU204
GP209, GU214
GP218, GU214
GP227, GU222
GP236, GU231
GP244, GU248
GP25, GU29
GP253, GU257
GP262, GU266
GP271, GU266
GP280, GU275
GP289, GU284
GP297, GU302
GP306, GU310
GP314, GU319
GP324, GU319
GP332, GU328
GP34, GU39
GP342, GU337
GP350, GU355
GP360, GU364
GP367, GU371
GP374, GU371
GP381, GU378
GP389, GU384
GP396, GU399
GP404, GU408
GP411, GU415
GP418, GU421
GP425, GU421
GP43, GU47
GP433, GU428
GP440, GU436
GP448, GU452
GP455, GU459
GP52, GU47
GP60, GU57
GP69, GU64
GP78, GU82
GP87, GU92
GP9, GU6
GP96, GU100
GY105, GU100
GY114, GU110
GY122, GU118
GY131, GU135
GY140, GU145
GY149, GU153
GY158, GU153
GY16, GU12
GY167, GU163
GY176, GU171
GY184, GU181
GY192, GU196
GY2, GU1
GY200, GU204
GY209, GU214
GY218, GU214
GY227, GU222
GY236, GU231
GY244, GU248
GY25, GU29
GY253, GU257
GY262, GU266
GY271, GU266
GY280, GU275
GY289, GU284
GY297, GU302
GY306, GU310
GY314, GU319
GY324, GU319
GY332, GU328
GY34, GU39
GY342, GU337
GY350, GU355
GY360, GU364
GY367, GU371
GY374, GU371
GY381, GU378
GY389, GU384
GY396, GU399
GY404, GU408
GY411, GU415
GY418, GU421
GY425, GU421
GY43, GU47
GY433, GU428
GY440, GU436
GY448, GU452
GY455, GU459
GY52, GU47
GY60, GU57
GY69, GU64
GY78, GU82
GY87, GU92
GY9, GU6
GY96, GU100
HG105, HD100
HG114, HD110
HG122, HD118
HG131, HD135
HG140, HD145
HG149, HD153
HG158, HD153
HG16, HD12
HG167, HD163
HG176, HD171
HG184, HD181
HG192, HD196
HG2, HD1
HG200, HD204
HG209, HD214
HG218, HD214
HG227, HD222
HG236, HD231
HG244, HD248
HG25, HD29
HG253, HD257
HG262, HD266
HG271, HD266
HG289, HD284
HG297, HD302
HG306, HD310
HG314, HD319
HG324, HD319
HG332, HD328
HG34, HD39
HG342, HD337
HG350, HD355
HG360, HD364
HG367, HD371
HG374, HD371
HG381, HD378
HG389, HD384
HG396, HD399
HG404, HD408
HG411, HD415
HG418, HD421
HG43, HD47
HG433, HD428
HG440, HD436
HG448, HD452
HG455, HD459
HG60, HD57
HG69, HD64
HG78, HD82
HG87, HD92
HG9, HD6
HG96, HD100
HM105, HK100
HM114, HK110
HM122, HK118
HM131, HK135
HM140, HK145
HM149, HK153
HM158, HK153
HM16, HK12
HM167, HK163
HM176, HK171
HM184, HK181
HM192, HK196
HM2, HK1
HM200, HK204
HM209, HK214
HM218, HK214
HM227, HK222
HM236, HK231
HM244, HK248
HM25, HK29
HM253, HK257
HM262, HK266
HM271, HK266
HM280, HK275
HM289, HK284
HM297, HK302
HM306, HK310
HM314, HK319
HM324, HK319
HM332, HK328
HM34, HK39
HM342, HK337
HM350, HK355
HM360, HK364
HM367, HK371
HM374, HK371
HM381, HK378
HM389, HK384
HM396, HK399
HM404, HK408
HM411, HK415
HM418, HK421
HM425, HK421
HM43, HK47
HM433, HK428
HM440, HK436
HM448, HK452
HM455, HK459
HM52, HK47
HM60, HK57
HM69, HK64
HM78, HK82
HM87, HK92
HM9, HK6
HM96, HK100
HU105, HY100
HU114, HY110
HU122, HY118
HU131, HY135
HU140, HY145
HU149, HY153
HU158, HY153
HU16, HY12
HU167, HY163
HU176, HY171
HU184, HY181
HU192, HY196
HU2, HY1
HU200, HY204
HU209, HY214
HU218, HY214
HU227, HY222
HU236, HY231
HU244, HY248
HU25, HY29
HU253, HY257
HU262, HY266
HU271, HY266
HU280, HY275
HU289, HY284
HU297, HY302
HU306, HY310
HU314, HY319
HU324, HY319
HU332, HY328
HU34, HY39
HU342, HY337
HU350, HY355
HU360, HY364
HU367, HY371
HU374, HY371
HU381, HY378
HU389, HY384
HU396, HY399
HU404, HY408
HU411, HY415
HU418, HY421
HU425, HY421
HU43, HY47
HU433, HY428
HU440, HY436
HU448, HY452
HU455, HY459
HU52, HY47
HU60, HY57
HU69, HY64
HU78, HY82
HU87, HY92
HU9, HY6
HU96, HY100
JC105, JF100
JC114, JF110
JC122, JF118
JC131, JF135
JC140, JF145
JC149, JF153
JC158, JF153
JC16, JF12
JC167, JF163
JC176, JF171
JC184, JF181
JC192, JF196
JC2, JF1
JC200, JF204
JC209, JF214
JC218, JF214
JC227, JF222
JC236, JF231
JC244, JF248
JC25, JF29
JC253, JF257
JC262, JF266
JC271, JF266
JC280, JF275
JC289, JF284
JC297, JF302
JC306, JF310
JC314, JF319
JC324, JF319
JC332, JF328
JC34, JF39
JC342, JF337
JC350, JF355
JC360, JF364
JC367, JF371
JC374, JF371
JC381, JF378
JC389, JF384
JC396, JF399
JC404, JF408
JC411, JF415
JC418, JF421
JC425, JF421
JC43, JF47
JC433, JF428
JC440, JF436
JC448, JF452
JC455, JF459
JC52, JF47
JC60, JF57
JC69, JF64
JC78, JF82
JC87, JF92
JC9, JF6
JC96, JF100
JJ105, JL100
JJ114, JL110
JJ122, JL118
JJ131, JL135
JJ140, JL145
JJ149, JL153
JJ158, JL153
JJ16, JL12
JJ167, JL163
JJ176, JL171
JJ184, JL181
JJ192, JL196
JJ2, JL1
JJ200, JL204
JJ209, JL214
JJ218, JL214
JJ227, JL222
JJ236, JL231
JJ244, JL248
JJ25, JL29
JJ253, JL257
JJ262, JL266
JJ271, JL266
JJ280, JL275
JJ289, JL284
JJ297, JL302
JJ306, JL310
JJ314, JL319
JJ324, JL319
JJ332, JL328
JJ34, JL39
JJ342, JL337
JJ350, JL355
JJ360, JL364
JJ367, JL371
JJ374, JL371
JJ381, JL378
JJ389, JL384
JJ396, JL399
JJ404, JL408
JJ411, JL415
JJ418, JL421
JJ425, JL421
JJ43, JL47
JJ433, JL428
JJ440, JL436
JJ448, JL452
JJ455, JL459
JJ52, JL47
JJ60, JL57
JJ69, JL64
JJ78, JL82
JJ87, JL92
JJ9, JL6
JJ96, JL100
JM105, JL100
JM114, JL110
JM122, JL118
JM131, JL135
JM140, JL145
JM149, JL153
JM158, JL153
JM16, JL12
JM167, JL163
JM176, JL171
JM184, JL181
JM192, JL196
JM2, JL1
JM200, JL204
JM209, JL214
JM218, JL214
JM227, JL222
JM236, JL231
JM244, JL248
JM25, JL29
JM253, JL257
JM262, JL266
JM271, JL266
JM280, JL275
JM289, JL284
JM297, JL302
JM306, JL310
JM314, JL319
JM324, JL319
JM332, JL328
JM34, JL39
JM342, JL337
JM350, JL355
JM360, JL364
JM367, JL371
JM374, JL371
JM381, JL378
JM389, JL384
JM396, JL399
JM404, JL408
JM411, JL415
JM418, JL421
JM425, JL421
JM43, JL47
JM433, JL428
JM440, JL436
JM448, JL452
JM455, JL459
JM52, JL47
JM60, JL57
JM69, JL64
JM78, JL82
JM87, JL92
JM9, JL6
JM96, JL100
JP105, JN100
JP114, JN110
JP122, JN118
JP131, JN135
JP140, JN145
JP149, JN153
JP158, JN153
JP16, JN12
JP167, JN163
JP176, JN171
JP184, JN181
JP192, JN196
JP2, JN1
JP200, JN204
JP209, JN214
JP218, JN214
JP227, JN222
JP236, JN231
JP244, JN248
JP25, JN29
JP253, JN257
JP262, JN266
JP271, JN266
JP280, JN275
JP289, JN284
JP297, JN302
JP306, JN310
JP314, JN319
JP324, JN319
JP332, JN328
JP34, JN39
JP342, JN337
JP350, JN355
JP360, JN364
JP367, JN371
JP374, JN371
JP381, JN378
JP389, JN384
JP396, JN399
JP404, JN408
JP411, JN415
JP418, JN421
JP425, JN421
JP43, JN47
JP433, JN428
JP440, JN436
JP448, JN452
JP455, JN459
JP52, JN47
JP60, JN57
JP69, JN64
JP78, JN82
JP87, JN92
JP9, JN6
JP96, JN100
JT105, JR100
JT114, JR110
JT122, JR118
JT131, JR135
JT140, JR145
JT149, JR153
JT158, JR153
JT16, JR12
JT167, JR163
JT176, JR171
JT184, JR181
JT192, JR196
JT2, JR1
JT200, JR204
JT209, JR214
JT218, JR214
JT227, JR222
JT236, JR231
JT244, JR248
JT25, JR29
JT253, JR257
JT262, JR266
JT271, JR266
JT280, JR275
JT289, JR284
JT297, JR302
JT306, JR310
JT314, JR319
JT324, JR319
JT332, JR328
JT34, JR39
JT342, JR337
JT350, JR355
JT360, JR364
JT367, JR371
JT374, JR371
JT381, JR378
JT389, JR384
JT396, JR399
JT404, JR408
JT411, JR415
JT418, JR421
JT425, JR421
JT43, JR47
JT433, JR428
JT440, JR436
JT448, JR452
JT455, JR459
JT52, JR47
JT60, JR57
JT69, JR64
JT78, JR82
JT87, JR92
JT9, JR6
JT96, JR100
JV105, JW100
JV114, JW110
JV122, JW118
JV131, JW135
JV140, JW145
JV158, JW153
JV16, JW12
JV167, JW163
JV176, JW171
JV184, JW181
JV192, JW196
JV2, JW1
JV200, JW204
JV209, JW214
JV218, JW214
JV227, JW222
JV236, JW231
JV244, JW248
JV25, JW29
JV253, JW257
JV262, JW266
JV271, JW266
JV280, JW275
JV289, JW284
JV297, JW302
JV306, JW310
JV314, JW319
JV324, JW319
JV332, JW328
JV34, JW39
JV342, JW337
JV350, JW355
JV367, JW371
JV374, JW371
JV381, JW378
JV389, JW384
JV396, JW399
JV404, JW408
JV411, JW415
JV418, JW421
JV425, JW421
JV43, JW47
JV433, JW428
JV440, JW436
JV448, JW452
JV455, JW459
JV52, JW47
JV60, JW57
JV69, JW64
JV78, JW82
JV87, JW92
JV9, JW6
JV96, JW100
JY105, KA100
JY114, KA110
JY122, KA118
JY131, KA135
JY140, KA145
JY149, KA153
JY158, KA153
JY16, KA12
JY167, KA163
JY176, KA171
JY184, KA181
JY192, KA196
JY2, KA1
JY200, KA204
JY209, KA214
JY218, KA214
JY227, KA222
JY236, KA231
JY244, KA248
JY25, KA29
JY253, KA257
JY262, KA266
JY271, KA266
JY280, KA275
JY289, KA284
JY297, KA302
JY306, KA310
JY314, KA319
JY324, KA319
JY332, KA328
JY34, KA39
JY342, KA337
JY350, KA355
JY360, KA364
JY367, KA371
JY374, KA371
JY381, KA378
JY389, KA384
JY396, KA399
JY404, KA408
JY411, KA415
JY418, KA421
JY425, KA421
JY43, KA47
JY433, KA428
JY440, KA436
JY448, KA452
JY455, KA459
JY52, KA47
JY60, KA57
JY69, KA64
JY78, KA82
JY87, KA92
JY9, KA6
JY96, KA100
KB105, KC100
KB114, KC110
KB122, KC118
KB131, KC135
KB140, KC145
KB149, KC153
KB158, KC153
KB16, KC12
KB167, KC163
KB176, KC171
KB184, KC181
KB192, KC196
KB2, KC1
KB200, KC204
KB209, KC214
KB218, KC214
KB227, KC222
KB236, KC231
KB244, KC248
KB25, KC29
KB253, KC257
KB262, KC266
KB271, KC266
KB280, KC275
KB289, KC284
KB297, KC302
KB306, KC310
KB314, KC319
KB324, KC319
KB332, KC328
KB34, KC39
KB342, KC337
KB350, KC355
KB360, KC364
KB367, KC371
KB374, KC371
KB381, KC378
KB389, KC384
KB396, KC399
KB404, KC408
KB411, KC415
KB418, KC421
KB425, KC421
KB43, KC47
KB433, KC428
KB440, KC436
KB448, KC452
KB455, KC459
KB52, KC47
KB60, KC57
KB69, KC64
KB78, KC82
KB87, KC92
KB9, KC6
KB96, KC100
KD105, KC100
KD114, KC110
KD122, KC118
KD131, KC135
KD140, KC145
KD149, KC153
KD158, KC153
KD16, KC12
KD167, KC163
KD176, KC171
KD184, KC181
KD192, KC196
KD2, KC1
KD200, KC204
KD209, KC214
KD218, KC214
KD227, KC222
KD236, KC231
KD244, KC248
KD25, KC29
KD253, KC257
KD262, KC266
KD271, KC266
KD280, KC275
KD289, KC284
KD297, KC302
KD306, KC310
KD314, KC319
KD324, KC319
KD332, KC328
KD34, KC39
KD342, KC337
KD350, KC355
KD360, KC364
KD367, KC371
KD374, KC371
KD381, KC378
KD389, KC384
KD396, KC399
KD404, KC408
KD411, KC415
KD418, KC421
KD425, KC421
KD43, KC47
KD433, KC428
KD440, KC436
KD448, KC452
KD455, KC459
KD52, KC47
KD60, KC57
KD69, KC64
KD78, KC82
KD87, KC92
KD9, KC6
KD96, KC100
KF105, KE100
KF114, KE110
KF122, KE118
KF131, KE135
KF140, KE145
KF149, KE153
KF158, KE153
KF16, KE12
KF167, KE163
KF176, KE171
KF184, KE181
KF192, KE196
KF2, KE1
KF200, KE204
KF209, KE214
KF218, KE214
KF227, KE222
KF236, KE231
KF244, KE248
KF25, KE29
KF253, KE257
KF262, KE266
KF271, KE266
KF280, KE275
KF289, KE284
KF297, KE302
KF306, KE310
KF314, KE319
KF324, KE319
KF332, KE328
KF34, KE39
KF342, KE337
KF350, KE355
KF360, KE364
KF367, KE371
KF374, KE371
KF381, KE378
KF389, KE384
KF396, KE399
KF404, KE408
KF411, KE415
KF418, KE421
KF425, KE421
KF43, KE47
KF433, KE428
KF440, KE436
KF448, KE452
KF455, KE459
KF52, KE47
KF60, KE57
KF69, KE64
KF78, KE82
KF87, KE92
KF9, KE6
KF96, KE100
KH105, KG100
KH114, KG110
KH122, KG118
KH131, KG135
KH140, KG145
KH149, KG153
KH158, KG153
KH16, KG12
KH167, KG163
KH176, KG171
KH184, KG181
KH192, KG196
KH2, KG1
KH200, KG204
KH209, KG214
KH218, KG214
KH227, KG222
KH236, KG231
KH244, KG248
KH25, KG29
KH253, KG257
KH262, KG266
KH271, KG266
KH280, KG275
KH289, KG284
KH297, KG302
KH306, KG310
KH314, KG319
KH324, KG319
KH332, KG328
KH34, KG39
KH342, KG337
KH350, KG355
KH360, KG364
KH367, KG371
KH374, KG371
KH381, KG378
KH389, KG384
KH396, KG399
KH404, KG408
KH411, KG415
KH418, KG421
KH425, KG421
KH43, KG47
KH433, KG428
KH440, KG436
KH448, KG452
KH455, KG459
KH52, KG47
KH60, KG57
KH69, KG64
KH78, KG82
KH87, KG92
KH9, KG6
KH96, KG100
KK105, KL100
KK114, KL110
KK122, KL118
KK131, KL135
KK140, KL145
KK149, KL153
KK158, KL153
KK16, KL12
KK167, KL163
KK176, KL171
KK184, KL181
KK192, KL196
KK2, KL1
KK200, KL204
KK209, KL214
KK218, KL214
KK227, KL222
KK236, KL231
KK244, KL248
KK25, KL29
KK253, KL257
KK262, KL266
KK271, KL266
KK280, KL275
KK289, KL284
KK297, KL302
KK306, KL310
KK314, KL319
KK324, KL319
KK332, KL328
KK34, KL39
KK342, KL337
KK350, KL355
KK360, KL364
KK367, KL371
KK374, KL371
KK381, KL378
KK389, KL384
KK396, KL399
KK404, KL408
KK411, KL415
KK418, KL421
KK425, KL421
KK43, KL47
KK433, KL428
KK440, KL436
KK448, KL452
KK455, KL459
KK52, KL47
KK60, KL57
KK69, KL64
KK78, KL82
KK87, KL92
KK9, KL6
KK96, KL100
KM105, KN100
KM114, KN110
KM122, KN118
KM131, KN135
KM140, KN145
KM149, KN153
KM158, KN153
KM16, KN12
KM167, KN163
KM176, KN171
KM184, KN181
KM192, KN196
KM2, KN1
KM200, KN204
KM209, KN214
KM218, KN214
KM227, KN222
KM236, KN231
KM244, KN248
KM25, KN29
KM253, KN257
KM262, KN266
KM271, KN266
KM280, KN275
KM289, KN284
KM297, KN302
KM306, KN310
KM314, KN319
KM324, KN319
KM332, KN328
KM34, KN39
KM342, KN337
KM350, KN355
KM360, KN364
KM367, KN371
KM374, KN371
KM381, KN378
KM389, KN384
KM396, KN399
KM404, KN408
KM411, KN415
KM418, KN421
KM425, KN421
KM43, KN47
KM433, KN428
KM440, KN436
KM448, KN452
KM455, KN459
KM52, KN47
KM60, KN57
KM69, KN64
KM78, KN82
KM87, KN92
KM9, KN6
KM96, KN100
KP105, KR100
KP114, KR110
KP122, KR118
KP131, KR135
KP140, KR145
KP149, KR153
KP158, KR153
KP16, KR12
KP167, KR163
KP176, KR171
KP184, KR181
KP192, KR196
KP2, KR1
KP200, KR204
KP209, KR214
KP218, KR214
KP227, KR222
KP236, KR231
KP244, KR248
KP25, KR29
KP253, KR257
KP262, KR266
KP271, KR266
KP280, KR275
KP289, KR284
KP297, KR302
KP306, KR310
KP314, KR319
KP324, KR319
KP332, KR328
KP34, KR39
KP342, KR337
KP350, KR355
KP360, KR364
KP367, KR371
KP374, KR371
KP381, KR378
KP389, KR384
KP396, KR399
KP404, KR408
KP411, KR415
KP418, KR421
KP425, KR421
KP43, KR47
KP433, KR428
KP440, KR436
KP448, KR452
KP455, KR459
KP52, KR47
KP60, KR57
KP69, KR64
KP78, KR82
KP87, KR92
KP9, KR6
KP96, KR100
KT105, KR100
KT114, KR110
KT122, KR118
KT131, KR135
KT140, KR145
KT149, KR153
KT158, KR153
KT16, KR12
KT167, KR163
KT176, KR171
KT184, KR181
KT192, KR196
KT2, KR1
KT200, KR204
KT209, KR214
KT218, KR214
KT227, KR222
KT236, KR231
KT244, KR248
KT25, KR29
KT253, KR257
KT262, KR266
KT271, KR266
KT280, KR275
KT289, KR284
KT297, KR302
KT306, KR310
KT314, KR319
KT324, KR319
KT332, KR328
KT34, KR39
KT342, KR337
KT350, KR355
KT360, KR364
KT367, KR371
KT374, KR371
KT381, KR378
KT389, KR384
KT396, KR399
KT404, KR408
KT411, KR415
KT418, KR421
KT425, KR421
KT43, KR47
KT433, KR428
KT440, KR436
KT448, KR452
KT455, KR459
KT52, KR47
KT60, KR57
KT69, KR64
KT78, KR82
KT87, KR92
KT9, KR6
KT96, KR100
KV105, KU100
KV114, KU110
KV122, KU118
KV131, KU135
KV140, KU145
KV149, KU153
KV158, KU153
KV16, KU12
KV167, KU163
KV176, KU171
KV184, KU181
KV192, KU196
KV2, KU1
KV200, KU204
KV209, KU214
KV218, KU214
KV227, KU222
KV236, KU231
KV244, KU248
KV25, KU29
KV253, KU257
KV262, KU266
KV271, KU266
KV280, KU275
KV289, KU284
KV297, KU302
KV306, KU310
KV314, KU319
KV324, KU319
KV332, KU328
KV34, KU39
KV342, KU337
KV350, KU355
KV360, KU364
KV367, KU371
KV374, KU371
KV381, KU378
KV389, KU384
KV396, KU399
KV404, KU408
KV411, KU415
KV418, KU421
KV425, KU421
KV43, KU47
KV433, KU428
KV440, KU436
KV448, KU452
KV455, KU459
KV52, KU47
KV60, KU57
KV69, KU64
KV78, KU82
KV87, KU92
KV9, KU6
KV96, KU100
KY105, KW100
KY114, KW110
KY122, KW118
KY131, KW135
KY140, KW145
KY149, KW153
KY158, KW153
KY16, KW12
KY167, KW163
KY176, KW171
KY184, KW181
KY192, KW196
KY2, KW1
KY200, KW204
KY209, KW214
KY218, KW214
KY227, KW222
KY236, KW231
KY244, KW248
KY25, KW29
KY253, KW257
KY262, KW266
KY271, KW266
KY280, KW275
KY289, KW284
KY297, KW302
KY306, KW310
KY314, KW319
KY324, KW319
KY332, KW328
KY34, KW39
KY342, KW337
KY350, KW355
KY360, KW364
KY367, KW371
KY374, KW371
KY381, KW378
KY389, KW384
KY396, KW399
KY404, KW408
KY411, KW415
KY418, KW421
KY425, KW421
KY43, KW47
KY433, KW428
KY440, KW436
KY448, KW452
KY455, KW459
KY52, KW47
KY60, KW57
KY69, KW64
KY78, KW82
KY87, KW92
KY9, KW6
KY96, KW100
LB105, LC100
LB114, LC110
LB122, LC118
LB131, LC135
LB140, LC145
LB149, LC153
LB158, LC153
LB16, LC12
LB167, LC163
LB176, LC171
LB184, LC181
LB192, LC196
LB2, LC1
LB200, LC204
LB209, LC214
LB218, LC214
LB227, LC222
LB236, LC231
LB244, LC248
LB25, LC29
LB253, LC257
LB262, LC266
LB271, LC266
LB280, LC275
LB289, LC284
LB297, LC302
LB306, LC310
LB314, LC319
LB324, LC319
LB332, LC328
LB34, LC39
LB342, LC337
LB350, LC355
LB360, LC364
LB367, LC371
LB374, LC371
LB381, LC378
LB389, LC384
LB396, LC399
LB404, LC408
LB411, LC415
LB418, LC421
LB425, LC421
LB43, LC47
LB433, LC428
LB440, LC436
LB448, LC452
LB455, LC459
LB52, LC47
LB60, LC57
LB69, LC64
LB78, LC82
LB87, LC92
LB9, LC6
LB96, LC100
LE393, LG398
LE402, LG406
LE410, LG414
LE418, LG422
LE426, LG422
LE434, LG430
LE442, LG438
LE450, LG446
LE458, LG454
LJ393, LM398
LJ402, LM406
LJ410, LM414
LJ418, LM422
LJ426, LM422
LJ434, LM430
LJ442, LM438
LJ450, LM446
LJ458, LM454
LP393, LT398
LP402, LT406
LP410, LT414
LP418, LT422
LP426, LT422
LP434, LT430
LP442, LT438
LP450, LT446
LP458, LT462
LV393, LY398
LV402, LY406
LV410, LY414
LV418, LY422
LV426, LY422
LV434, LY430
LV442, LY438
MB393, MD398
MB402, MD406
MB410, MD414
MB418, MD422
MB426, MD422
MB434, MD430
MB442, MD438
MF393, MH398
MF402, MH406
MF410, MH414
MF418, MH422
MF426, MH422
